Player Name;AccountID;LB Rank
хуяк хуяк;48051198;
Singu-;72554056;
scream;115860961;
le chercheur;117209469;
Kaiser Hodenkobold I;120624049;
7.42617E+11;121885596;
zaergaegyr;127733940;
Silver D.;143189286;
OussamaBeenFraggin;149102297;
ONE FOR ALL;153218837;
TuCnA>XD;154426318;
Quantum 1s8d VOLT;166235639;
Rishakle -;168404755;
L0rD-Ch3p0;177640010;
Chips;180800772;
whyhusseln;181418195;
Pasha_Tobax;186051210;
баленьси;188640887;
w;192999838;
The Fritz;195895162;
SHiKALUKi;196764232;
A dazzling death;201719585;
HopeDaBeast;206347575;
Dracula;214944542;
ЕГОР;218437109;
SUPERMEN(RU);227633051;
qio;249939819;
ShadLav;255113833;
A Little Aggressive;273363756;
Snkai;281779000;
Quarside;289254906;
ppRocket;297013826;
Ebhdia;307387137;
l4SVl;307587001;
Burek;340412792;
The BoogyMan;350206623;
destruct;362400374;
Peace da liesss;365472281;
j0rt;369139549;
NN;374907213;
...;376555455;
akirahexxlove;377747104;
Lug4;400738142;
Renoir;409925241;
mengishok;443125440;
Ohayo;450520862;
zngi;463445895;
Y2;806796174;
5r;806856578;
Q9;806866352;
Es;806939691;
life.love.death.;806998435;
JJ;808835864;
Qq;808843721;
estoy a cargo aquí;818604794;
сперма на эпидерме;826397426;
PMA MODE;848408323;
Letexia;861450380;
Fraz4-;862352877;
fresphys;874360134;
G A M B I T;1005720438;
O,.,o;1005767277;
bimbick;1042265476;
я и бал принцесс;1072083967;
sunlive;1146118555;
the.n?W.#;1300353090;
NikDef;1323668153;
1999;1407234002;
mi bombo;1513398737;
Blade sensatioт;1533383944;
km10ment;1715197543;
kali;1803333616;
何奶龙;1822121303;
pPm;1874926534;
KIRA;1889947829;
waston;1927290509;
DEADSHOT;1928758711;
AryaArya;210486015;4996
unpassant;157202201;4924
Luck;177805370;4843
One True Carry;324805458;4727
X).Alzariot~;183706234;4716
WD-40;882491665;4687
Macfly ✘;174981475;4653
NΛ 💀;362643292;4638
YDD.Mochila;164190884;4567
justice;1783649369;4433
робин;118096471;4349
Slesh;901785233;4142
杨花花;234223677;4017
Sexy;120463884;3964
Quien lo cura;1192305229;3844
Raza;111360508;3796
Abez;189757870;3776
Singularity;215586515;3278
SETEEB;197267475;3264
LAK;331397232;3254
Mode IDC;112377811;3202
kitajima;58834455;3167
Leon;481728308;3129
ŠtoSpreman;150265708;3013
Ph.;116387233;3007
GO_ODkNiGhT;173788531;3003
nyypi;70670556;2881
Kyoto丶ㄨ;884242679;2786
Kurama;911280455;2725
1G4G;452324519;2707
t.me/paymentTVVlNT;86815623;2691
человечек;270793124;2631
GN;115524896;2626
pidrden aura;1657569573;2589
sexукъонах;1510666912;2557
на транках;1282209240;2511
;930004223;2482
nsf;1019639552;2463
xxx;356920931;2440
Zmejko-;378820562;2320
zettaiwabokuda;116514161;2310
l'enfer;218062615;2303
Легенда Казахста;227343429;2286
Nobita;333041394;2264
Venichie;70709992;2260
Интелект;1675068694;2256
                                ;165169752;2252
b00 h00 리사;385441620;2215
refleksiya.;856687769;2197
D[x]Pro;308609737;2190
веду себя как стерва;62669678;2177
God emperor;300833066;2176
twitch.tv/khayuridota;93115341;2165
Keeji.;964617027;2127
STORMFEEDING;231443846;2077
void spirit;1044245292;2074
to kyo kyo to;193432335;2067
reNn;179442878;2065
Streak hunter;102382586;2032
Excalibur Saber;137533051;2031
ШУРУП;153919874;2029
AtX- ¯\_(ツ)_/¯;112162809;1985
Anything;956916860;1956
ro3;135885377;1937
RDX;307856613;1924
пум;1055026363;1878
Kappo;164958458;1858
mental broken;129867157;1813
LS;1428644947;1769
foline;1100918047;1754
fuji;457023828;1744
TIGER;98887913;1731
Minatozaki 사나;124500189;1721
Celebrating Life;102080005;1712
slaughter;170522387;1711
 ;193616516;1679
words rang;1735268245;1675
Hи4ToЖ3cTB0(Пlox@Ya DeвочkA);329766071;1674
I would rip my eyes out;426481312;1673
1win;1732289002;1663
Ken;219327151;1659
cattosan;292759327;1654
trrhrtjtyj;1579331954;1653
14;1027403134;1582
TheLoneRanger;280240504;1578
spoosh;91931231;1576
BUN;437152940;1563
kous-;427986179;1560
JOEEE BIDEN;182662003;1552
kamusari;353413837;1546
необычный верблю;866475482;1537
昼晚;383110408;1533
Ab;166962413;1486
смешарик;885410660;1482
Jol;138971375;1457
>>>;899041750;1451
КЕНТОФАРИК;448561241;1432
крайний север;195258824;1389
good vibes;210522998;1376
sanity(farazh2owned flame day 2);339686412;1367
ifm;1105621123;1367
5k/12k/20k;158498049;1340
messi;845283987;1330
WannaBeSmurf;166998086;1303
FUNNY SHITS;311825195;1302
fEARGOD;363005951;1302
 ;159893598;1298
Aleria;141982813;1294
thorf1inqq;1707027881;1292
точка невозврата;1674349924;1267
Эщкере;886606241;1259
Yacobs;136003052;1253
XSS;864871038;1245
likhaute;86785083;1239
Zan;131620298;1192
yswd;56051570;1173
sh1enotory;268067908;1168
sinister;309161920;1151
rtv;135893728;1130
sad girl blues'66;161395326;1127
) ) );1668987173;1126
RDTB;112252338;1122
awaking;879639189;1100
:D;312701794;1093
55%;200595189;1091
non est sanctus;394354939;1062
frlk_xx;1275271667;1059
Xelerine. Darynka);136130910;1048
Katol;364814187;1040
PunkoGod;278230916;1039
Tengo un angel;369621089;1037
clannad;386349537;1012
high player;135269892;1006
Larisa;130556400;1003
-_-MailMan-_-;303489336;4934
Eul^;109107381;4908
GinJ์;437994746;4261
wixxie;493440975;4041
Tears;173111676;3951
W;186485592;3829
Kost1k;152763828;3659
Kin;127834357;3331
de_survivor;152312383;3143
mangekyou_fan;1100766500;3087
stonic;308561704;2990
nonchalant;162643496;2947
Instincts;843336406;2931
song of the fallen;1141857937;2851
dogmatic;270276600;2816
DommyB;46698830;2742
ASTRA;1127648936;2727
raddan smurf;1531346299;2709
hewwerr;1566194488;2616
777Retsu;265774236;2540
Incrementos;391677243;2540
resident evil;376858307;2438
Kinkka;123097213;2396
Mode: Khaslana;194938562;2254
vrotex;141546134;2242
.bog dotu;981772281;2219
digital detox;185101974;2160
Oss;963252025;2145
забрал приз;122719041;2143
~Shift;87657476;2080
ocean eyes;1076223410;2036
Breaker;81930952;2028
Unknown_;389735377;1999
<eblank>;1744955828;1997
tv/lovesomeden4k;357541789;1983
RixBe4;370769752;1982
only adjust to higher;185225774;1978
Mode:Ammar_The_Fucker;388707622;1970
always;871439294;1967
Pahan;453387214;1960
Kobe~;111440116;1942
wetorme;208993316;1940
批Karas放;199538916;1939
HSSLNG;24534272;1933
123;202101817;1930
123;296435117;1930
123;383141200;1930
123;425685185;1930
123;859677679;1930
123;1155917341;1930
123;1673660021;1930
1;195966181;1924
Gael;1466694587;1913
бесилка 2;243398995;1885
Fever;1256889416;1880
Alact;905252867;1871
.;1060950662;1870
ПСИХ;891154650;1865
SaintsMike;215308703;1860
aleshance;292030276;1832
我分不清;1116511653;1825
heLLcat;171074067;1818
Dekar<;125932051;1815
IDontNeedMedsINeedAWinstreak;207275256;1815
ashura;1675238807;1807
avior;145708453;1799
dopamine warrior;850309212;1775
Happy;283027142;1749
l;925799201;1742
yummytdance;1071820625;1741
Bogush;1674515741;1737
базарик紐jacksov;314304911;1721
M~KiNs;370233517;1712
tillmysoultake;99037944;1708
#ИМЯ?;87136980;1700
GG@D ✝;1003401851;1698
papucci;1002793772;1694
VojtboX;75378194;1693
Cerafim;69379556;1681
cao ni ma;1135777934;1679
Raicone;87037872;1671
DrObvious;74507345;1665
nova aurora;95651573;1663
carhart;1011397511;1655
IvanVechnoPyan;191476203;1645
Bwop;154705984;1644
tv/doctorbum;47977302;1641
Zore;93159453;1635
plc;44943100;1634
Ivz;31966955;1633
мусор;402941895;1625
ajurnii;123233667;1616
Darkness;189908744;1615
Slach;1020804204;1606
moose;86935863;1603
Arier;1256730030;1600
smh;1866214190;1599
новый год;183511186;1583
Deebo;1674201381;1581
Sebs;125989153;1568
Opus22;83755246;1563
Haero;169375107;1562
ExT;183803114;1560
Ivandy;299821048;1559
melwis;937516772;1552
luki luki;117311875;1530
ZxcKing2012;447875920;1528
MagE-;178366364;1509
tw1xzrpwnz;430037229;1504
Sai;486588203;1504
DorRayam;107429672;1498
koldun;252659836;1496
koldun;1207166714;1496
LAW;161380932;1487
Fanarikc;176425791;1484
Кирилл;114142900;1477
317;1177684606;1477
?;317525552;1472
?;847836990;1472
tv/feel_the_chill_xd;359722008;1461
WinFull;45086239;1458
Phoenix sing;178811829;1454
arata;897543081;1442
Akira;131782382;1441
carry pls <3;1659601799;1428
fakeJoker;1674259726;1425
End of Beginning;370520057;1421
Eixn;116876282;1415
MaK0;1135498884;1413
Снежинка;1240202683;1412
Unique `;314385372;1402
dubu antipod;112074263;1396
zendog;151482973;1394
Sabrina's fan;259467208;1388
Kami;255485716;1380
bot;171484881;1373
tv/lafass;346603159;1368
c0py p4ste tox1c wast3;137371827;1361
grlshanya;179904568;1353
水;134979108;1349
Terrawalker;100881709;1345
#ИМЯ?;1178406648;1344
V1izavi;39790665;1340
ky;382119653;1336
ZRR;121599310;1333
#ИМЯ?;1682029879;1332
Rize;244516823;1330
face;1305496768;1325
neverN3;200945473;1323
Youhealka;322890791;1316
ycoldisnow;117885112;1315
Freshness;1028862677;1314
Fy;138717510;1312
Igris;1074436691;1311
КОКА-КОЛА;148748880;1309
c4in;170691862;1307
I;294791230;1307
I;862952989;1307
bruno;107095093;1299
mariachi.;766199892;1294
Rexxar;119467216;1293
BIG BOSS;382407968;1287
Banan-;96169991;1283
Discipline;184786408;1275
JR;455204409;1269
xx;1044511051;1262
Porshen`;278859394;1260
Merkurial;385058180;1259
็;194265867;1256
็;198993981;1256
nervous;161595677;1255
KIRA♥;158105335;1250
Koi;251855337;1249
ебал ваших матере;411003134;1248
fable;158313372;1243
Ysera;838129170;1234
Fresh Pitardo;91610743;1233
Wannabe;150525314;1228
Mg;307524380;1225
pretty fLAKO;218983215;1212
Tala;133066657;1211
YAN ;1689570680;1207
***** pitch;399953156;1205
rierierie;1047787245;1201
DNA monstr;328010952;1200
Panophobia;1003333618;1199
no porn - day ∞;923200030;1196
notilt;855150142;1192
GG Bond;206266593;1191
KEZaru;107013189;1189
mrakobes;412543641;1189
meyou;235880461;1186
Dante;443042246;1184
мне похуй (mid);139828158;1180
unattainable life;236747214;1179
/=;272073508;1177
^^;399461135;1175
^^;1237978993;1175
Kxt;154100539;1172
шеф;321887583;1171
.b;341953415;1167
maboi;869391955;1164
Rakuzan;97067110;1156
marionette’s fantasy`;1105035027;1155
acc.buyer;915426651;1153
Vlado$$;1429623899;1153
vAlent;1060603985;1152
puloff;236397067;1148
vamp;220245834;1144
tanga123123123;408439511;1142
Xokep;886100830;1141
tv/temychq;878182152;1137
quoarine;104242598;1132
xv;240458913;1132
DarkMen II;39155815;1128
CHACARRON;251456180;1128
Ripan7;1425337986;1127
levarchik;1021279660;1123
Sunlain;333219249;1121
Sudden;166130266;1119
Onyx;129087099;1117
chill;207342243;1114
Tv/YonGFHK;225585470;1111
2Aqn;111861141;1110
ваташи;167378786;1106
hawtweengz;91300417;1104
Plakich;204655516;1103
eyvikinera;252939461;1102
truepac;351082288;1101
тесно(ТЕСНО);399546227;1097
bsK-;445646028;1091
Осенний лист1;247523063;1087
Jolibepos5;876794068;1085
somnia;1139937786;1084
pluxa;119942696;1081
2;145282572;1079
2;147615653;1079
never;317351695;1078
watafa;1021831184;1077
monkeys-forever;86811043;1075
999;269930820;1069
Josif;1087052955;1067
Double King;175709801;1066
Xenos;322901023;1065
Bishkek;240842238;1061
Rain;860145568;1059
Rain;1088362710;1059
x.x´;298831966;1057
Ne_SahaROK;1027532545;1057
zeroy;313304763;1056
kamerini;860244040;1046
Ares`;177726018;1045
Paradox;111211042;1042
Ali;151238860;1041
JORA KARAMEL`;31401823;1039
chosen1;1536061906;1039
New_Tuber;181661363;1036
South america = slave material;89354043;1031
DkFogas;214853734;1030
zxc;124603973;1027
TomasBiceps'Jr;158004558;1027
хозяин;1142230743;1026
темичq;999008030;1024
expromt;355009978;1023
ab20;874379105;1016
noway;133972492;1014
Simon;220621418;1012
Simon;885187787;1012
kkkkkkkk;1004690923;1009
Big Bob;192701378;1008
LittleBoy;869784418;1007
Khan;324085917;1005
stray dog;323496545;1002
fat;124466264;1000
Scal1ger;235765791;1000
Imlatr0m;449301066;999
Mangup;150459183;998
throw down your tears;1272611668;996
akiyanora;114411775;995
blacklist;837037101;993
Pamplona´;242885483;991
че реально?;136656581;990
Night;85696663;985
mei;358706493;983
spoiled;198492947;981
saskeNo$-;110432813;979
slavic;395595308;978
stat3r;303879204;977
Detjza;1216024976;973
Hyuga;343909498;972
B.Ezzekiel <;400707157;972
racistmaxxing;336878860;968
Not player;838849558;968
MXZI;372891840;965
 ;1104227091;964
tv.thegogo9;243025280;963
Areal;169178078;961
~Nnt;381775435;959
King Potato;99036634;956
я стараюсь!!;131650013;952
Matyushka;74206936;949
linkencio;135167981;949
Flow;1131665504;948
ALIK;114035408;947
calm;171464397;947
кульпон;171596541;946
Professor;395690381;946
ветер;137340624;945
毁灭;355409883;944
-Haki-;205220659;943
spikes;890678758;943
xd;125690108;940
Zeppelin;258607808;939
Husker Du;115705236;937
BITAL9;451584718;936
МИСЧИФ;1108208030;934
M1ran-;392070965;932
at my purest;374823065;931
Odin;58267487;930
DigitaL;132762072;927
YU;235549078;924
oneday;121821768;922
yopoman;64527692;921
tib;338769995;920
require;378921842;915
shinigami;312262903;914
Frath;120416283;913
malygos;135977099;911
armin;98092287;909
gbc;371495800;909
lft to get out of pubs;1636380527;909
chroMium;114285547;908
motivator2000;1861556365;905
maryjane;487622338;902
意外的;1104169;900
-Vision-;874506612;899
tv/tricksterdota1;157859152;898
Slavi;89558833;897
Madlx;1034089639;894
Thomas Shelby;1289745225;892
хахаха мда;329386008;891
wish;1674613696;890
Fer;349342480;889
jinchuriki;374665899;888
affection;1515184013;887
kdm;174727276;886
overthinking;197106569;885
recommend trader(onlysupp);1053593250;885
Sighted;206593195;884
Retsu;165110440;882
swag;121535719;881
Arkano;138535219;880
Mariana Kiss;177763156;879
ϟ Sword Art ϟ;87095102;878
InstantlyTrendy;398506698;869
vahui;219089581;867
blank;329076390;865
спидраню;931895643;864
24;400868740;862
acnologia;420715358;861
fxckyall;925856362;856
Selivan;195539164;854
7;891148882;848
kyford;482364904;847
Q11;86300851;846
Rasmus_=;892939726;845
Мне нравится твоя;126340643;844
󠀡󠀡;1054564189;844
kappa;185394059;843
dnm ;361688848;843
COLIN;114294892;841
Даша Васнецова;207299604;841
Майор Измайлов;103822903;840
SAMe;383346827;839
GrandUrahara;158409809;834
asia monkey buiseness;1067927293;833
___TBAPb___;1229557033;833
матрица;1007933580;832
Never;103548361;831
Chuvachkov;122928641;827
Bibachka ;134601652;825
саша;189317657;825
Ram;181973873;824
Rench~;298060380;822
kisey;387656006;822
Остап;185732279;821
tv/krshima;852452671;820
Edelweiss;1089051790;820
losing patience;402491117;819
Origin;230434781;818
чёрная орхидея;353656289;817
iAnnihilate;92706637;816
Ghostik;92847434;815
bigfatbee;151508316;811
Чушп@н;334626258;808
vkusi rapiru;402092697;806
nothingness;316826785;802
killadem44;132441443;801
EZN1K;488261567;800
котакбас;1202863252;800
NDK;1717648917;798
pako;188529105;797
Zakki;1580036015;796
forever young-;166937875;793
lil me alone;106809101;791
49days;896084686;791
kaeioet^^;226786631;788
bibas;1008228112;784
MATADORA;135403353;783
SNVA;844400266;781
true believer;91064780;780
shy;99622043;780
Seishiro ;167282287;779
Arcmajes;299103822;779
бодя;1015627306;778
quiscon;350377601;777
try to smile;195821717;776
загадочник;1005939086;774
TemPesT-.-;177637133;773
TeaGuvnor;270293472;773
11 y.o. emptiness;1091511222;770
supp diff;1027910355;766
< blank >;911977148;764
< blank >;1031547092;764
< blank >;1139065919;764
Zora;298998741;762
sufferxng;1052112269;761
MacArthur§;202768424;759
!;208229916;757
Revenant;927443066;757
Isaiah;153836240;756
goner;421257589;756
aida;115793260;755
execute;338573685;755
Balto.Avanta;963708472;753
Gardιck 鬼;125995177;752
tao expert;123051238;750
77;859977969;750
qute;1218097624;749
Asao;395770377;748
Vidjen;80414253;747
66;196809329;746
jgfdighd;487735933;745
Man;106278629;743
rizza;248111944;739
Gothic-;1675320614;738
Adlet Meyer;226145427;737
By.FlaSh;88719902;734
sweet side;197813893;734
lunemor (bitworld);1816905617;734
tearsanie;176941229;733
Смурфик(синий);151563219;730
Zet;1109328477;727
糯啦;185659874;726
HullCity07;176954683;724
kazantip;364698744;724
Parabell18;1436599829;724
zipzzzap;275826428;722
SAMETS;150354245;721
Хлюпик;313730370;718
sigh;349472155;715
slxsher;145997482;714
stingerdota;224536329;713
Copinho;345332689;712
Irefuul;914408765;712
hittayo;238695161;708
блатной;316555102;705
Unica;111464090;700
Маэстро;1674502361;700
dEca67;324627809;699
哈哈哈哈哈哈哈哈哈哈;142826263;697
1999;175824034;697
крипер;198998203;695
fax666;1473280545;695
Hampsa;207340491;692
Lumière;191290281;691
Nicken;369586960;690
[];190507128;689
deihra;126927396;687
Dominic;228516683;687
passedawayinMay;1094753666;686
tw.tv/SpeedManq;1060164724;685
Faker ;197574429;683
Bobkata;131854728;682
Xcalibur;245373129;681
Xcalibur;317201674;681
Syxar';289612202;679
public disgrace;140135497;678
Soulnier;153958490;678
микроб;373489202;677
CaspiaN;400941157;676
Nbnp;874335614;674
Asanjeles`;161523234;667
YYYYY;108452107;666
be_LIE_ver;365523159;665
霞雲の海;152712828;664
Cheiso;119582553;663
мяумимяу;292913608;658
Richik;392549232;656
R3.mem8er;347445342;653
exusiai;396651757;653
LokSee;423718688;652
interlinked;98956830;651
guns n' roses;1082256811;651
visi;1031790480;650
MATUMBAMAN;404645038;649
neff;61971971;648
Boskey;40971196;647
SpeCtre~;278599060;646
wvnnvcry;344389023;646
jomon_;32128719;645
♥VoRDJ;906660704;645
sairensu;1129565019;642
pyro;1674121893;641
RdO-;119315361;640
yungshpaga;119788679;640
36 chambers;49809442;639
Only You;313119492;639
2Aqun~ GxD;184108979;637
mentality hardwork;196485328;637
Zagat;304097533;636
kanka siz salak mısınız?;202256116;634
armageddon;838547248;634
Yolo;1297679104;633
waste;1622789802;630
distanceq3;197681058;625
Abomination;194555122;624
johnnupro;891566317;623
ImmortalFaith;103812784;621
Aricat.;173357253;621
Kolyada;1748539733;621
Todo lo aprendi de ti;185001854;620
peanut;152095304;619
dead;353602046;618
ZERO;1124586116;618
KheZu;169025618;617
mylittlemay;892669592;617
wandering fire;230825386;616
愛;339235645;614
OTTO;993824087;608
Айхан;393869026;607
Ryu;421515107;606
Lucky;481029363;604
15;1020409710;604
m1ks`;212958343;603
miaso;77657475;602
blink+stun;876488501;601
DiSoRd3R;351687640;600
just_idc;1289398969;599
unnecessary;153514276;598
lure;138237476;597
mental;169307887;596
LeaFF_uck;244695857;595
димка;319454358;592
OwnWay;1674600214;592
Kuka;165432797;591
no bs;117483894;590
Imbach;38672293;588
baldej;78967384;587
muteq;248415687;587
yet1;1062882100;586
Forban...;128469479;582
kasta;1041811781;581
XN;135910042;578
ǝuoןⱯlone<;180775030;575
rosie.;312194525;574
AtoMic;850487736;572
neverlose;880868638;571
elaine;1103550157;571
krone;45106611;570
сырок;141624647;567
Cold sad҈҈҉;164970435;567
solitude;423220980;566
ruby death;208680365;565
simply lovely;882261866;563
ЙОУ;220226177;562
SunshineRR;172213217;561
дешевая аптека;493481492;560
Kagami;1099887568;560
madness;438717879;555
Bellator;896035252;553
moon;1134626011;553
Sovenok;121472096;552
NoiA;101800753;551
чувак;182181879;551
SonL1ke_);1149749863;550
Aomine;250199344;549
save escort;131074643;548
Maindotagriefer);196142865;546
 chipikao;207527352;543
Юрец;340701445;541
han;489696354;540
Rias;187484163;539
4dr <3 Déia;85937380;538
1/2/ruin;126238768;534
NGG;311534425;530
Lefitan;367687213;529
barou;444531974;529
miniorc00;1674334778;528
Kyzko;84385735;526
Весёлая ферма авт;923708928;526
Fume;19744;525
4U7157;191109206;524
Asfreed;158028751;518
☆SLEEPFORMORTALS;368917218;518
abube;850846159;517
be quiet;165896239;514
Creepachyo;181774949;513
mentality;111656727;512
the soloist;42194754;511
||||||||||||;318113214;510
Monhty;252520776;509
tv/waneda21;1144214248;507
Fishman;127565532;504
ObitO UCHIHA~;356324058;503
And i'm trying to be sane;1054066720;503
天堂;162959893;502
Lemb;175109886;502
Ataeru;350531123;502
Garrosh Hellscream;1091648587;502
Orphan gameplay;1163718652;502
fcr;107579895;501
обсик;116001486;499
ArrOw;114596500;496
LOSELOSELOSELOSELOSE;146383297;496
Akamu;135709988;495
blss;325161662;494
Bóbr;124261350;493
BD;970050898;492
Psycho;175088787;491
Purpurbl4;204252726;490
akke;294441654;489
約束;117089283;486
Freaky;198981766;485
kiska;1037817328;483
diman4ig;1152948930;482
Krish;349495318;480
#ИМЯ?;398660182;478
UndeRRwhatt;129204173;477
tv/iloveokaydoto;91663166;476
sick and tired;326327879;476
gang;1525697573;473
DaaD-;202464276;472
Belony`;155564702;471
필;99611577;469
everlastingHaru;297380131;469
Patodonald;283545554;468
頑張って;352623024;467
fun;181536275;466
tv/maloydotos;1079923091;465
Шизоид;199666759;463
eror;220722971;461
shimmer eyes;217088850;460
onLiTaL;384854668;459
根性 Nanami;244138351;458
Kaiser~;228969949;457
Senku;288775038;456
Egor;1110152099;455
Prada;100758751;454
gogo;837928697;450
puckish-;137218474;449
vibe;397063804;449
Max;100483784;448
Madoc;154029534;448
=(;1025267870;447
Cooman;175463659;445
aura gameplay = braindead;117200195;444
Tieru;157481588;443
wxo;1126703680;443
beautiful world;228909633;441
beautiful world;808017460;441
худшее дерьмище д;132851371;440
Michael~;248180032;439
Jaunuel;148526973;438
`kiryuu;1674563880;437
Yadomi;177953305;436
AitlenDog.狐;147130490;435
красавчик;108813260;434
SPLINTER;335610712;433
神龙大侠 - 最强熊猫;892869852;431
Aui_2000;40547474;430
Ang3l^;173842160;429
pro100beastmaster;836056780;429
oreomilkshake;1081873410;428
alberkaaa;363739653;427
common sense;279559282;426
dendi;390015464;425
86;164047347;421
Shakh;325697153;421
A.A.Amir;380722508;420
eva;478048631;419
Zodiac;217599053;413
mewtwo;325665682;409
zahn;195001460;408
MugzZ;280585026;407
No Incoming Chat.;25502245;406
Kurisutina~;445051808;406
somee;34965775;404
горловые выкрутасы;170834508;404
Grip;126127817;402
Cuziloveyou;198873981;401
Cuziloveyou;806618338;401
Szajtek;228440453;400
Nero;109213761;399
север;856820732;398
ϒāppie;129245408;397
disgardium;195516068;396
7e;179313961;395
最强弟子;1115553566;393
hahaxd;439345730;392
Genek;392385140;391
raregods;847851833;390
fam0us;198851570;387
Stormy;179684293;386
Mary_y;124286163;385
noviy bog;209437333;385
Live as a monster or die as man?;309345956;383
hwoarang;316631735;380
KnowLedgE-;402688758;379
gudiny;354160772;378
Final;39691577;377
hotoke;166806255;376
Son of Shore;394234915;376
Bat0N;1215810841;375
mew;860414909;371
eblan;168771612;370
WndrKid;1673586483;370
Yopaj-;324277900;369
LeBronDota;35504297;368
Solo;134556694;367
Golem;195353057;364
StoneBank;412413765;363
tw.tv/clacksontv;98482878;362
Shishak;190100004;362
Bach;118134220;361
tv/McDodique;143630667;361
паук;198431974;360
RA1NCLOUD;241107899;359
hairo~~;908254231;358
Zirat;425584844;357
ariel;114162163;354
云破月;161092840;353
TOPSON;94054712;352
Topson;1180487945;352
mw;405499625;351
Vitaly 誇り;138177198;350
禅;401902808;350
Ceb;88271237;347
Matthew;155332459;347
1312;1132684405;347
EndoKardo;174785170;346
hAze._.;192981126;344
aavzuoM;930586713;344
mika;1305619263;343
femboy(me);169516760;341
jellyworms.ceo;1263983608;340
muxa;103910993;338
tv/sketcher;173480718;338
krol9ash;1001714951;337
north;110880087;335
charlie;122049498;335
Gatciy;104185879;334
yur;1159912962;331
Atouf;107746371;330
HBK;180302127;330
letmesolothem;181987328;330
director;116771693;328
nattynarwhal_;113112046;327
Nagato;1010173059;327
pma;835864135;326
Попукал+занюхалW;1678312628;323
megoway;892044246;322
X;1068649255;321
影;257694165;319
影;379452388;319
чарон бейби;209103998;318
Zamir bezgeev;120825388;317
SLATEM$;383867949;315
BliNcc;94439767;314
DuBu;145550466;314
WoE;1092267175;313
klseki;450454900;312
whocares123;1688718899;311
333;175350492;310
kiyotaka;858106446;303
#ИМЯ?;186763416;302
xannyy;99155835;301
Ψ(ﾟ∀ﾟ )Ψ;191502419;298
Bignum;90423751;297
Cridoz;118370366;295
m1CKe;152962063;295
他妈的 荡妇;147408273;294
 ;194720582;294
Legend;162798290;293
1/ double 1;363758022;292
lupsi;223342537;290
The zookeeper;117015167;289
team i mark or -mmr =);200767376;289
Otaker;193564777;288
HardL;935495351;287
));116080282;285
rise;168219580;285
ny4w;142075333;283
adz;208181197;283
1/3/jungle afk all game;135833096;282
XinQ;157475523;282
Xxs;129958758;281
Boxi;77490514;277
jasper;202972701;275
K4071N;1066782497;274
MTD;112426916;272
int'j;851295431;271
flacko;196041577;270
zoro;194999745;269
Q;193815691;268
elmo^^;331711578;268
Время в никуда;1675023758;267
stars were bad;109810461;265
Amano;1040820193;265
Egx;1054936816;264
Katsura-;274266360;263
Wuiter;93845249;262
7.65612E+16;229311481;261
Nande;171097887;260
Hero;86822085;259
Moonlight;910028605;257
pandaGod;196481318;256
L4rks;1011445406;254
Uch1Ha;175762298;253
xn丶e;323562138;252
garbat1y;187949640;251
Covisnine;158072796;250
slimeyao;1092557725;247
rohigo;883412707;246
Hokori;162812365;244
lalatroni;914221413;244
Kyoshi;216763662;241
dota 2 enjoyer =);312082610;240
T;107855479;238
byun;1220993352;238
FLee;236858633;236
TIMS;155494381;235
Tox1c;212656698;234
QBFY;276449590;233
Nikobaby;275501116;232
miyaoo;383361785;231
Smiling Knight;155162307;230
Emrys;231581709;230
nefrit;116249155;229
Yuma;177203952;227
KoJl9lCuK;402611144;226
Pastil;872008996;225
Ulnit;109757023;224
Зюзя;402285018;223
Mirele`;116865891;222
Mac;104512126;221
>*****;114513616;219
Kotoryx;110262958;218
Hushh;266525664;218
entombed;349569834;218
w33;86700461;216
conjure.x;875096848;215
NARMAN;343084576;213
G.T.I;163152486;211
ruustle;155370747;210
BURRO;1171243748;208
GodKid (J);289171422;207
😀;97658618;206
拿来吧你;148436904;206
Nюsha;1150028510;206
yaiX;249043309;204
Bl4ke;166659521;202
whyalwaysme;807115407;201
Mira;256156323;200
ponlo;193884241;199
Cr1t-;25907144;198
n.m.p;1114792376;197
nesfeer;1657135701;197
W1sh-;120613892;193
Bassing;148180390;193
крекер;1048617659;193
Lqc.;191597529;192
Krinzhik;465972635;191
Whitemon;136829091;190
Difference;389276156;188
Crystallis;127617979;187
Ame;898754153;186
....;105989125;185
ryota;1682179459;184
cutie;256444993;183
hunghung;372105535;181
( niw annaw;399920568;181
KG_Zayac;111030315;180
Jeezydaboi;123717676;177
payk;425588742;176
b4x4zZz;999961232;174
icq;1052101649;172
天鸽;86745912;171
whatthefcckhaveyoudonelately;349310876;170
Malin;997587648;169
OK;50580004;167
Kidaro;104334048;166
sayuw;145065875;165
Stormstormer;96803083;164
130;153743768;162
mooo;238239590;159
Jabz;100471531;158
coldofff;1281944743;157
Xakoda;217472313;154
да;480210721;152
queezy;206097366;151
Qojqva;86738694;149
Xenon;201839427;148
KingJungles;81306398;147
Jîng;219755398;146
Crystallize;114619230;144
rubikon155;968545762;143
kae;892486081;142
Kai;128958133;141
yowaai;234119750;141
mcQueen;1256588498;140
小超人;110659311;139
rincyq;418942836;139
Veldt;5150808;138
VaniLLl;120840516;137
maskarad;475522685;135
Fernans;1172719712;135
neMamyka;351836036;133
Norma;187123736;131
laise;117514269;130
htiviy_vladik;148612029;129
ani-san;435139370;128
4nalog丶01;131303632;127
ряф^^;163458082;124
ainkrad;196482746;124
planet;150961567;123
NLineは;151669649;123
Immersion;295697470;122
炼狱之 fiancee;195415954;120
MidOne;116585378;119
Сёрфлю по кискам;165390194;118
niche;170809075;118
Mo13ei;106755427;117
Ankou ♡;1675517497;116
John constantine;101568685;115
⋆⭒˚.⋆;333700720;115
TORONTOTOKYO;431770905;115
waveformn;156485213;114
chempik;283494184;113
Nicky`Cool;294135421;112
yamich;9403474;111
Flokk1n;1302599438;110
yeehaw;94155156;109
bashka;307173570;108
Mirage`;140251702;107
7jesu;293731272;106
Larl;106305042;105
@@;252737052;104
Davai;138880576;103
спортик;445291085;102
fashion;148648041;101
LenS;241501414;100
asdekor_r;1675898897;99
Lelis;87063175;98
Yuragi;167976729;97
Nikko;146711951;96
dualrazee;223382342;95
how i got like this;115651292;94
мистер мораль;383788462;93
sanctity;392169957;92
No!ob™;140297552;90
Rein;122817493;89
xNova;94296097;88
Thiolicor;105045291;87
Supream^;58513047;86
Ethereal;1153798101;86
Ice Coke❥;188953151;85
Nyx;323266527;85
mrls;333351042;84
lowskill;98885811;83
Cloud;168126336;82
fy;101695162;81
Riddys;130991304;80
Beyond;139031324;80
MikSa`;374875067;79
fortniteMan;296702734;78
Malik;203351055;77
Ekki;230487729;76
Corrupted;92487440;75
tvåkå;48823667;74
hamilton;154715080;74
Sparks in the air⚡;199833749;74
panto;108958769;73
Sneyking;10366616;72
MieRo;165564598;71
Natsumi;355168766;70
not_me;218231587;69
Koma`;165671428;68
RCY;154974246;67
逆;164948665;66
Till The End;185059559;66
Stoic;163061132;64
shigetsu;194979527;63
Serenada;399804216;62
23;375507918;61
No[o]ne-;106573901;60
bombi;228517469;59
kaori;320219866;59
Aidar;188351504;58
dream`;241519559;57
TA2000;96183976;56
Daxao;177411785;56
INFERNAL;417604379;55
SoNNeikO;117421467;54
raven;132309493;54
mellojul;40805086;53
gpk~;480412663;52
k2000imold;164685175;51
Shad;164962869;51
tOfu;16497807;50
barlo;156029808;48
Darklord,,`;879017980;48
JANTER;285282252;47
ssnovv1;320017600;45
Mikoto;301750126;44
Xm;137129583;43
BOOM;190826739;43
ponyo;293904640;43
423;458287006;41
Hello Juliet;1150772339;41
Noticed;195108598;40
Fayde;160119017;39
OneJey ;181267255;39
ISrGks;435589970;39
Batyuk;140835095;38
daze;919735867;36
skiter;100058342;35
Stojkov;262476000;34
Saberlight;126212866;33
CHIRA_JUNIOR;312436974;32
emptiness死;860264647;32
GH;101356886;31
y`;111114687;31
lorenof;210053851;30
Quinn;221666230;30
Cije;286985748;29
SSS;402583877;29
Tobi;140288368;28
squad1x;123023873;27
Dukalis;73401082;26
9Class;164199202;25
OmaR;152168157;24
inYourdreaM;181716137;23
gotthejuice;957204049;23
AMMAR_THE_F;183719386;22
无限;137193239;21
Yatoro;321580662;21
skem;100594231;20
shiro;320252024;20
Hellscream;241884166;19
ChodΣX;332342615;18
DM;56351509;17
8:08;152455523;15
rue;847565596;15
TaiLung;1026694469;14
Ghost;206642367;13
aik;1202267677;13
Saksa;103735745;12
Wisper;292921272;11
Malr1ne;898455820;10
Ws`;126842529;9
NothingToSay;173978074;8
123asd;391151700;8
Kiritych~;172099728;7
医者watson`;171262902;6
Jankos;308504257;5
Save-;317880638;4
Niku;185590374;3
Satanic;1044002267;2
Nightfall;124801257;1
